CREATE DATABASE  IF NOT EXISTS `laliga` /*!40100 DEFAULT CHARACTER SET utf8mb4 COLLATE utf8mb4_0900_ai_ci */ /*!80016 DEFAULT ENCRYPTION='N' */;
USE `laliga`;
-- MySQL dump 10.13  Distrib 8.0.17, for macos10.14 (x86_64)
--
-- Host: localhost    Database: laliga
-- ------------------------------------------------------
-- Server version	8.0.17

/*!40101 SET @OLD_CHARACTER_SET_CLIENT=@@CHARACTER_SET_CLIENT */;
/*!40101 SET @OLD_CHARACTER_SET_RESULTS=@@CHARACTER_SET_RESULTS */;
/*!40101 SET @OLD_COLLATION_CONNECTION=@@COLLATION_CONNECTION */;
/*!50503 SET NAMES utf8 */;
/*!40103 SET @OLD_TIME_ZONE=@@TIME_ZONE */;
/*!40103 SET TIME_ZONE='+00:00' */;
/*!40014 SET @OLD_UNIQUE_CHECKS=@@UNIQUE_CHECKS, UNIQUE_CHECKS=0 */;
/*!40014 SET @OLD_FOREIGN_KEY_CHECKS=@@FOREIGN_KEY_CHECKS, FOREIGN_KEY_CHECKS=0 */;
/*!40101 SET @OLD_SQL_MODE=@@SQL_MODE, SQL_MODE='NO_AUTO_VALUE_ON_ZERO' */;
/*!40111 SET @OLD_SQL_NOTES=@@SQL_NOTES, SQL_NOTES=0 */;

--
-- Table structure for table `fouls_cards`
--

DROP TABLE IF EXISTS `fouls_cards`;
/*!40101 SET @saved_cs_client     = @@character_set_client */;
/*!50503 SET character_set_client = utf8mb4 */;
CREATE TABLE `fouls_cards` (
  `match_id` int(11) NOT NULL,
  `HF` int(11) NOT NULL,
  `AF` int(11) NOT NULL,
  `HY` int(11) DEFAULT NULL,
  `AY` int(11) DEFAULT NULL,
  `HR` int(11) DEFAULT NULL,
  `AR` int(11) DEFAULT NULL,
  PRIMARY KEY (`match_id`,`HF`,`AF`)
) ENGINE=InnoDB DEFAULT CHARSET=utf8mb4 COLLATE=utf8mb4_0900_ai_ci;
/*!40101 SET character_set_client = @saved_cs_client */;

--
-- Dumping data for table `fouls_cards`
--

LOCK TABLES `fouls_cards` WRITE;
/*!40000 ALTER TABLE `fouls_cards` DISABLE KEYS */;
INSERT INTO `fouls_cards` VALUES (1,10,10,0,2,0,0),(2,21,20,1,1,0,0),(3,6,13,0,2,0,0),(4,13,14,3,2,0,0),(5,16,10,2,3,0,0),(6,12,13,1,1,0,0),(7,11,27,1,7,0,0),(8,6,15,1,0,0,0),(9,12,13,4,5,0,0),(10,10,15,2,3,0,0),(11,14,11,2,1,0,0),(12,12,9,1,2,0,0),(13,17,15,3,1,0,0),(14,7,8,1,1,0,0),(15,13,11,1,1,0,0),(16,16,12,1,1,0,0),(17,13,11,2,3,0,0),(18,13,14,3,2,0,0),(19,17,17,2,2,0,0),(20,14,8,2,3,0,0),(21,18,15,3,2,0,0),(22,22,14,3,1,0,0),(23,15,11,3,2,0,0),(24,12,14,4,5,0,1),(25,11,11,1,1,0,0),(26,19,13,4,3,0,0),(27,6,12,1,2,0,0),(28,15,17,3,6,0,1),(29,14,10,4,2,1,0),(30,16,18,2,1,0,0),(31,18,6,6,2,0,0),(32,5,21,2,2,0,0),(33,18,8,1,1,0,0),(34,22,9,6,3,0,0),(35,17,13,1,2,0,0),(36,16,9,4,3,0,0),(37,10,22,3,6,0,0),(38,9,12,3,2,0,0),(39,15,11,1,3,0,1),(40,16,12,5,3,0,2),(41,9,11,2,2,0,0),(42,16,17,1,1,0,0),(43,12,15,1,2,1,0),(44,5,16,2,2,0,0),(45,14,12,1,2,1,0),(46,9,16,3,5,1,0),(47,13,20,2,7,0,1),(48,5,18,1,1,0,0),(49,12,12,4,1,0,1),(50,1,14,0,2,0,0),(51,8,8,2,2,0,0),(52,12,18,4,3,0,0),(53,3,14,1,1,0,0),(54,15,11,4,2,0,0),(55,16,12,3,4,0,0),(56,18,7,1,3,0,0),(57,8,22,4,2,0,0),(58,17,14,1,3,0,0),(59,17,10,1,4,0,1),(60,13,16,3,3,0,0),(61,9,18,3,3,0,0),(62,16,9,2,3,0,0),(63,7,17,3,4,0,0),(64,13,18,3,5,0,0),(65,7,10,0,4,0,0),(66,14,14,4,2,0,0),(67,22,19,7,1,0,0),(68,17,12,3,3,0,0),(69,13,15,2,2,0,0),(70,15,19,6,5,0,0),(71,20,10,1,0,0,0),(72,17,18,4,5,1,0),(73,9,17,3,6,0,0),(74,12,12,1,4,0,1),(75,16,10,5,3,0,0),(76,13,8,3,2,0,0),(77,14,9,3,4,0,1),(78,11,6,2,2,0,0),(79,9,13,1,2,0,0),(80,9,12,2,3,0,0),(81,10,16,0,1,0,0),(82,10,19,1,2,0,0),(83,9,13,1,2,0,0),(84,16,9,3,1,0,0),(85,7,10,0,4,0,0),(86,7,13,2,3,0,0),(87,21,14,3,3,0,0),(88,14,25,5,5,1,0),(89,14,15,3,1,0,0),(90,14,9,1,1,0,0),(91,16,16,4,2,0,0),(92,25,22,2,5,0,0),(93,10,7,2,1,0,0),(94,9,8,0,0,0,0),(95,11,16,1,3,1,0),(96,12,14,2,2,0,0),(97,9,11,1,1,0,0),(98,17,14,2,2,0,0),(99,9,14,1,2,0,0),(100,9,14,2,3,0,0),(101,18,12,4,2,0,0),(102,14,7,1,0,0,0),(103,14,13,4,4,0,0),(104,23,11,4,2,0,0),(105,12,11,4,2,0,0),(106,11,7,4,0,1,1),(107,18,13,5,3,0,0),(108,8,17,1,3,0,0),(109,14,10,3,3,0,0),(110,15,13,1,3,0,0),(111,17,12,6,1,0,0),(112,8,15,5,4,0,1),(113,23,8,3,3,1,0),(114,13,13,1,4,0,0),(115,16,15,2,4,0,1),(116,20,13,3,4,0,0),(117,13,11,4,2,1,0),(118,19,13,4,2,1,0),(119,18,10,4,2,0,0),(120,7,12,1,3,0,1),(121,10,13,2,4,0,0),(122,19,12,5,3,0,0),(123,17,8,2,1,0,0),(124,11,8,4,3,1,0),(125,15,14,2,4,0,1),(126,10,12,5,4,0,0),(127,16,14,3,4,0,0),(128,15,15,3,3,0,0),(129,15,13,2,1,0,0),(130,12,14,2,2,0,0),(131,15,12,5,3,0,0),(132,14,14,2,3,0,0),(133,17,16,3,2,0,0),(134,11,10,1,3,0,0),(135,5,13,0,3,0,0),(136,21,14,3,3,0,0),(137,9,17,2,4,0,0),(138,18,18,4,2,0,0),(139,8,16,0,5,0,0),(140,11,15,3,5,0,1),(141,12,13,1,2,1,0),(142,20,15,5,4,0,0),(143,16,10,1,0,0,0),(144,13,17,0,4,0,0),(145,12,10,3,3,0,0),(146,13,20,2,3,0,0),(147,11,7,2,2,0,0),(148,12,10,2,2,0,0),(149,9,16,2,2,0,0),(150,17,15,3,1,0,0),(151,11,11,3,3,0,0),(152,11,15,0,1,0,0),(153,24,14,3,4,0,0),(154,15,18,0,3,0,0),(155,16,13,4,1,0,0),(156,23,10,3,4,0,0),(157,12,11,4,5,0,1),(158,12,9,2,3,1,0),(159,18,12,2,1,0,0),(160,16,13,2,2,0,0),(161,9,13,1,2,0,0),(162,14,11,2,4,0,0),(163,25,12,3,2,0,0),(164,16,13,1,1,0,0),(165,14,15,0,1,0,0),(166,11,13,2,4,0,0),(167,14,9,3,3,0,1),(168,14,15,7,4,0,0),(169,13,10,2,2,0,0),(170,12,13,2,2,0,0),(171,10,17,2,5,0,1),(172,18,16,3,1,1,0),(173,10,13,3,3,0,0),(174,21,7,3,2,0,0),(175,16,23,0,3,0,0),(176,12,17,0,2,0,0),(177,23,12,4,3,0,0),(178,13,13,5,1,1,0),(179,15,11,5,7,0,0),(180,16,21,2,5,0,0),(181,12,8,4,1,0,0),(182,21,14,4,2,0,0),(183,11,9,3,3,0,0),(184,15,18,2,5,0,0),(185,14,13,5,3,0,0),(186,14,14,4,3,0,0),(187,9,17,0,3,0,0),(188,10,12,2,1,0,0),(189,9,13,2,3,0,0),(190,15,12,7,4,1,0),(191,17,18,0,4,0,0),(192,18,12,4,3,0,0),(193,15,13,2,2,0,0),(194,9,14,2,3,0,0),(195,12,18,3,3,0,0),(196,9,12,2,4,0,0),(197,12,18,6,5,0,0),(198,14,10,2,1,0,0),(199,17,13,4,1,0,0),(200,16,10,2,5,0,0),(201,11,26,2,7,0,2),(202,15,14,2,3,0,0),(203,15,13,2,1,0,0),(204,13,8,1,3,0,0),(205,20,6,4,2,1,0),(206,15,17,3,4,0,1),(207,18,12,5,3,1,0),(208,9,22,0,3,0,0),(209,15,19,2,5,0,1),(210,14,19,2,5,0,0),(211,17,11,6,2,0,0),(212,8,5,3,0,0,0),(213,13,12,4,4,0,0),(214,7,15,4,3,0,0),(215,17,13,1,1,0,0),(216,7,21,4,3,0,0),(217,12,9,2,1,0,0),(218,10,12,0,3,0,0),(219,22,16,4,5,0,0),(220,19,10,6,4,0,1),(221,13,18,3,2,0,0),(222,21,16,7,3,1,0),(223,11,19,0,2,0,0),(224,16,13,3,3,0,1),(225,9,18,3,1,1,0),(226,23,10,4,2,1,0),(227,22,11,4,2,0,1),(228,11,7,4,2,1,0),(229,11,18,2,4,0,0),(230,14,18,3,2,0,0),(231,12,12,2,2,0,0),(232,12,18,1,3,0,0),(233,12,17,1,1,1,0),(234,10,16,4,2,0,0),(235,10,14,0,1,0,0),(236,10,12,4,1,0,0),(237,13,18,3,2,1,0),(238,12,10,2,4,0,1),(239,7,12,4,1,0,0),(240,16,11,5,1,0,0),(241,9,16,2,4,0,0),(242,15,9,2,2,0,0),(243,10,17,3,4,0,0),(244,12,13,2,1,0,0),(245,15,11,6,1,0,0),(246,9,10,0,3,0,0),(247,14,10,5,3,0,0),(248,17,11,5,3,1,1),(249,10,9,1,2,0,0),(250,26,15,4,1,0,0),(251,17,23,3,4,1,0),(252,17,8,2,2,0,0),(253,15,16,5,4,0,0),(254,16,13,3,2,0,0),(255,15,12,2,3,0,0),(256,14,14,2,2,0,0),(257,14,16,1,1,0,0),(258,12,17,1,4,0,1),(259,12,13,0,3,0,0),(260,15,10,6,4,0,0),(261,13,20,3,5,0,0),(262,10,18,1,1,0,0),(263,9,7,2,2,0,0),(264,12,17,1,2,0,0),(265,14,17,0,4,0,0),(266,17,16,3,0,0,0),(267,13,10,1,4,0,1),(268,8,21,3,5,0,0),(269,12,13,2,2,0,0),(270,14,12,1,6,0,1),(271,10,12,2,2,0,0),(272,12,4,3,1,0,0),(273,21,23,1,3,0,0),(274,20,6,8,1,0,0),(275,15,8,1,0,0,0),(276,10,11,1,2,0,0),(277,16,14,4,2,0,0),(278,11,14,3,4,1,1),(279,13,22,3,4,0,0),(280,16,7,3,3,0,0),(281,18,18,2,4,0,0),(282,10,8,2,2,0,0),(283,15,14,0,4,0,0),(284,7,8,1,3,0,0),(285,15,25,5,2,0,0),(286,9,12,2,1,0,0),(287,9,18,1,3,0,0),(288,18,9,3,1,0,0),(289,18,8,4,1,0,0),(290,22,9,5,3,1,0),(291,10,9,1,0,0,0),(292,14,14,4,3,0,0),(293,10,10,4,7,1,0),(294,13,14,3,7,0,1),(295,14,9,2,2,0,0),(296,9,12,2,3,0,0),(297,9,13,2,2,0,0),(298,13,11,2,2,0,0),(299,13,19,3,4,0,0),(300,12,13,2,3,0,0),(301,14,12,3,4,0,1),(302,23,20,5,2,0,0),(303,9,15,0,1,0,0),(304,17,10,2,3,0,0),(305,17,15,6,4,0,0),(306,15,14,4,4,0,0),(307,16,11,2,1,0,1),(308,16,18,2,1,0,0),(309,22,12,2,4,0,0),(310,17,12,3,3,0,0),(311,9,15,2,2,0,0),(312,12,17,3,2,0,0),(313,18,13,1,2,0,0),(314,18,8,6,3,0,0),(315,10,16,1,3,0,1),(316,12,11,2,5,0,0),(317,15,18,2,2,0,0),(318,12,19,2,2,0,0),(319,22,18,4,4,0,1),(320,11,12,0,3,0,0),(321,17,16,3,5,0,0),(322,10,12,0,1,0,0),(323,7,10,2,1,0,0),(324,11,12,3,1,0,0),(325,12,10,4,2,0,0),(326,19,13,4,2,0,1),(327,19,15,3,6,1,1),(328,13,15,4,1,1,0),(329,12,16,2,4,0,0),(330,12,15,2,1,0,0),(331,19,9,3,1,0,0),(332,16,16,4,1,0,0),(333,17,17,4,3,0,0),(334,17,13,3,3,0,0),(335,15,8,2,1,0,0),(336,11,14,1,2,0,0),(337,9,15,2,3,0,0),(338,17,15,1,3,0,0),(339,10,12,1,2,0,0),(340,11,14,2,3,0,0),(341,14,17,2,2,0,0),(342,19,12,4,2,0,0),(343,17,12,4,3,0,0),(344,16,5,1,0,0,0),(345,12,18,1,2,0,1),(346,17,14,2,3,0,0),(347,10,15,2,3,0,0),(348,21,6,2,5,0,0),(349,15,22,5,2,0,1),(350,16,14,4,1,0,0),(351,11,23,1,1,0,0),(352,7,22,1,3,0,0),(353,11,13,1,5,0,0),(354,11,14,1,2,0,0),(355,17,12,1,4,0,1),(356,15,7,3,2,0,0),(357,15,13,3,3,0,1),(358,10,9,2,1,0,0),(359,9,14,0,3,0,0),(360,14,22,5,5,0,0),(361,16,18,4,3,0,0),(362,16,12,5,4,0,0),(363,9,13,1,3,0,0),(364,13,15,3,5,0,1),(365,15,16,2,3,0,0),(366,11,9,4,1,1,0),(367,12,16,1,2,0,1),(368,9,14,2,5,0,0),(369,13,9,2,2,0,0),(370,11,14,3,2,0,0),(371,13,10,3,3,0,0),(372,16,20,0,4,0,0),(373,13,13,3,2,0,0),(374,16,20,2,3,0,0),(375,18,12,0,1,0,0),(376,9,7,0,1,0,1),(377,14,19,4,2,0,0),(378,12,10,1,3,0,0),(379,11,3,4,2,0,0),(380,17,11,4,1,0,0);
/*!40000 ALTER TABLE `fouls_cards` ENABLE KEYS */;
UNLOCK TABLES;

--
-- Table structure for table `goals`
--

DROP TABLE IF EXISTS `goals`;
/*!40101 SET @saved_cs_client     = @@character_set_client */;
/*!50503 SET character_set_client = utf8mb4 */;
CREATE TABLE `goals` (
  `match_id` int(11) NOT NULL,
  `FTHG` int(11) NOT NULL,
  `FTAG` int(11) NOT NULL,
  `HTHG` int(11) DEFAULT NULL,
  `HTAG` int(11) DEFAULT NULL,
  PRIMARY KEY (`match_id`,`FTHG`,`FTAG`)
) ENGINE=InnoDB DEFAULT CHARSET=utf8mb4 COLLATE=utf8mb4_0900_ai_ci;
/*!40101 SET character_set_client = @saved_cs_client */;

--
-- Dumping data for table `goals`
--

LOCK TABLES `goals` WRITE;
/*!40000 ALTER TABLE `goals` DISABLE KEYS */;
INSERT INTO `goals` VALUES (1,0,3,0,1),(2,0,0,0,0),(3,3,0,0,0),(4,1,1,0,1),(5,1,2,1,1),(6,1,2,0,2),(7,2,0,1,0),(8,1,4,0,3),(9,2,1,1,1),(10,1,1,0,1),(11,2,0,1,0),(12,2,2,0,2),(13,0,0,0,0),(14,1,0,0,0),(15,0,1,0,0),(16,2,0,0,0),(17,1,4,1,1),(18,0,0,0,0),(19,2,2,0,0),(20,1,2,0,2),(21,2,1,1,1),(22,0,0,0,0),(23,0,1,0,0),(24,2,0,0,0),(25,4,1,1,1),(26,2,1,0,1),(27,8,2,3,2),(28,1,0,0,0),(29,2,2,2,1),(30,0,1,0,1),(31,1,1,1,0),(32,1,1,0,0),(33,1,2,1,0),(34,0,0,0,0),(35,1,0,0,0),(36,0,1,0,0),(37,0,2,0,2),(38,0,1,0,0),(39,3,2,2,1),(40,0,1,0,0),(41,3,3,2,1),(42,1,0,0,0),(43,0,2,0,1),(44,1,0,1,0),(45,1,5,1,2),(46,2,2,1,1),(47,2,2,0,2),(48,2,6,1,4),(49,0,0,0,0),(50,3,0,3,0),(51,1,0,0,0),(52,2,2,1,2),(53,0,3,0,0),(54,2,1,0,1),(55,3,0,3,0),(56,1,1,1,0),(57,1,1,0,0),(58,0,1,0,0),(59,2,1,0,0),(60,2,2,1,2),(61,1,1,0,1),(62,1,3,0,0),(63,0,0,0,0),(64,0,1,0,1),(65,1,0,0,0),(66,1,1,0,1),(67,2,1,2,1),(68,0,1,0,0),(69,1,1,1,0),(70,1,3,1,1),(71,1,0,0,0),(72,0,1,0,0),(73,2,3,2,2),(74,1,0,1,0),(75,1,0,0,0),(76,3,1,1,1),(77,2,1,1,0),(78,1,1,1,1),(79,1,0,1,0),(80,0,1,0,0),(81,4,2,2,0),(82,1,2,0,2),(83,1,1,0,0),(84,1,1,0,0),(85,0,1,0,1),(86,1,1,1,1),(87,0,2,0,1),(88,1,2,0,0),(89,0,0,0,0),(90,1,1,1,0),(91,1,1,0,1),(92,0,0,0,0),(93,2,0,1,0),(94,4,0,2,0),(95,2,1,2,0),(96,2,0,1,0),(97,2,1,0,1),(98,5,1,2,0),(99,2,0,0,0),(100,2,1,0,0),(101,1,1,0,0),(102,2,0,0,0),(103,0,1,0,0),(104,2,3,1,1),(105,3,3,1,0),(106,2,1,0,1),(107,1,1,0,0),(108,0,0,0,0),(109,1,1,0,0),(110,1,0,1,0),(111,1,3,1,0),(112,3,2,0,1),(113,0,1,0,0),(114,0,0,0,0),(115,0,0,0,0),(116,2,1,1,1),(117,3,4,0,2),(118,2,4,0,1),(119,2,1,0,1),(120,2,2,1,1),(121,1,0,1,0),(122,1,1,0,0),(123,3,0,1,0),(124,2,2,1,1),(125,3,0,1,0),(126,1,1,0,0),(127,1,3,0,2),(128,1,0,1,0),(129,2,1,0,0),(130,2,1,1,0),(131,1,0,0,0),(132,2,0,1,0),(133,3,0,0,0),(134,2,0,1,0),(135,2,4,0,2),(136,1,1,1,0),(137,2,0,1,0),(138,1,0,1,0),(139,1,1,1,0),(140,3,0,1,0),(141,1,1,0,1),(142,3,0,1,0),(143,0,4,0,3),(144,1,1,0,0),(145,2,3,0,1),(146,2,0,0,0),(147,4,4,1,2),(148,0,1,0,1),(149,1,2,0,1),(150,1,0,0,0),(151,0,0,0,0),(152,1,1,0,1),(153,1,0,1,0),(154,1,0,1,0),(155,2,3,0,2),(156,1,3,1,1),(157,2,2,1,0),(158,0,5,0,2),(159,2,0,0,0),(160,0,0,0,0),(161,1,1,0,0),(162,0,1,0,1),(163,1,1,1,0),(164,1,0,0,0),(165,2,0,2,0),(166,1,1,1,0),(167,1,1,1,0),(168,2,1,1,0),(169,2,1,1,0),(170,2,2,1,2),(171,1,0,1,0),(172,2,2,0,1),(173,2,1,2,1),(174,2,1,0,0),(175,0,1,0,1),(176,0,0,0,0),(177,1,2,1,2),(178,0,2,0,1),(179,1,1,1,1),(180,1,2,1,1),(181,4,2,2,2),(182,1,1,1,0),(183,1,0,0,0),(184,1,1,0,0),(185,1,2,0,0),(186,2,0,1,0),(187,1,0,0,0),(188,3,0,1,0),(189,1,2,0,1),(190,3,2,2,2),(191,4,0,1,0),(192,1,2,1,0),(193,0,3,0,1),(194,2,0,0,0),(195,3,1,1,0),(196,3,2,1,2),(197,2,0,1,0),(198,2,2,2,1),(199,1,1,0,1),(200,3,0,1,0),(201,2,0,2,0),(202,2,2,0,2),(203,5,0,0,0),(204,3,0,1,0),(205,1,0,1,0),(206,2,4,1,3),(207,0,2,0,1),(208,0,0,0,0),(209,2,1,0,1),(210,0,1,0,0),(211,4,0,1,0),(212,2,2,1,2),(213,1,0,0,0),(214,0,0,0,0),(215,2,1,2,0),(216,1,0,0,0),(217,3,0,1,0),(218,3,0,1,0),(219,2,2,1,0),(220,1,2,0,1),(221,0,0,0,0),(222,1,3,1,2),(223,2,1,0,1),(224,3,1,1,1),(225,0,2,0,2),(226,0,0,0,0),(227,3,0,2,0),(228,2,2,0,1),(229,0,0,0,0),(230,2,0,1,0),(231,2,2,0,1),(232,1,0,1,0),(233,1,4,0,2),(234,3,0,0,0),(235,0,1,0,0),(236,1,1,1,1),(237,1,2,1,0),(238,0,0,0,0),(239,3,0,2,0),(240,0,1,0,1),(241,1,1,1,0),(242,0,0,0,0),(243,1,0,1,0),(244,2,1,1,0),(245,2,4,2,1),(246,2,0,1,0),(247,1,1,0,1),(248,1,2,0,1),(249,0,2,0,1),(250,0,0,0,0),(251,0,2,0,1),(252,3,1,1,1),(253,2,1,1,0),(254,0,1,0,1),(255,1,2,0,0),(256,1,2,0,2),(257,1,0,0,0),(258,0,2,0,2),(259,2,0,0,0),(260,1,0,1,0),(261,1,1,0,1),(262,1,1,0,0),(263,1,0,0,0),(264,3,1,1,1),(265,2,1,0,1),(266,0,1,0,0),(267,2,3,1,1),(268,0,2,0,0),(269,5,2,1,1),(270,1,4,1,1),(271,1,1,1,0),(272,2,0,0,0),(273,1,3,1,1),(274,0,2,0,2),(275,2,0,0,0),(276,1,4,0,2),(277,1,2,0,0),(278,0,1,0,0),(279,0,0,0,0),(280,3,1,0,1),(281,1,2,1,0),(282,0,4,0,2),(283,2,0,0,0),(284,3,2,0,2),(285,0,2,0,0),(286,2,2,2,1),(287,3,2,1,1),(288,0,1,0,1),(289,1,1,1,0),(290,1,1,1,0),(291,2,0,0,0),(292,1,1,0,0),(293,4,4,1,2),(294,3,2,2,0),(295,2,1,0,1),(296,3,3,0,1),(297,2,1,1,0),(298,1,0,0,0),(299,2,0,1,0),(300,2,1,1,0),(301,2,0,0,0),(302,1,2,0,0),(303,2,1,0,1),(304,2,0,1,0),(305,1,1,1,0),(306,2,1,1,1),(307,3,1,0,1),(308,1,0,0,0),(309,2,2,1,0),(310,0,2,0,0),(311,2,0,1,0),(312,2,1,1,0),(313,0,0,0,0),(314,3,2,1,0),(315,3,2,1,1),(316,0,1,0,1),(317,1,1,1,0),(318,3,1,1,0),(319,2,2,1,1),(320,1,1,1,0),(321,2,2,2,1),(322,2,1,1,0),(323,2,1,1,0),(324,0,1,0,0),(325,0,0,0,0),(326,1,2,0,1),(327,3,0,2,0),(328,2,2,0,1),(329,3,0,0,0),(330,2,1,0,0),(331,0,2,0,0),(332,2,0,0,0),(333,1,0,0,0),(334,3,2,1,1),(335,1,1,1,0),(336,0,1,0,1),(337,4,0,2,0),(338,0,0,0,0),(339,5,0,0,0),(340,0,1,0,0),(341,1,1,1,1),(342,1,0,0,0),(343,1,0,0,0),(344,0,0,0,0),(345,1,0,0,0),(346,2,1,1,0),(347,0,1,0,0),(348,1,0,1,0),(349,1,1,1,0),(350,1,1,0,1),(351,0,3,0,2),(352,0,1,0,1),(353,2,0,0,0),(354,3,0,1,0),(355,4,1,2,0),(356,1,0,1,0),(357,2,0,1,0),(358,2,6,0,5),(359,3,2,2,1),(360,1,0,1,0),(361,3,1,3,0),(362,1,1,1,0),(363,2,0,1,0),(364,2,1,1,0),(365,1,2,0,0),(366,0,2,0,1),(367,3,1,1,1),(368,3,1,2,1),(369,1,2,0,1),(370,1,0,0,0),(371,2,1,1,0),(372,2,2,0,1),(373,2,0,0,0),(374,2,2,1,1),(375,2,1,0,1),(376,2,2,2,0),(377,2,0,1,0),(378,0,2,0,1),(379,2,2,2,2),(380,0,2,0,0);
/*!40000 ALTER TABLE `goals` ENABLE KEYS */;
UNLOCK TABLES;

--
-- Table structure for table `match`
--

DROP TABLE IF EXISTS `match`;
/*!40101 SET @saved_cs_client     = @@character_set_client */;
/*!50503 SET character_set_client = utf8mb4 */;
CREATE TABLE `match` (
  `match_id` int(11) NOT NULL,
  `Div` text,
  `Date` text,
  `HomeTeam` varchar(50) NOT NULL,
  `AwayTeam` varchar(50) NOT NULL,
  PRIMARY KEY (`match_id`,`HomeTeam`,`AwayTeam`)
) ENGINE=InnoDB DEFAULT CHARSET=utf8mb4 COLLATE=utf8mb4_0900_ai_ci;
/*!40101 SET character_set_client = @saved_cs_client */;

--
-- Dumping data for table `match`
--

LOCK TABLES `match` WRITE;
/*!40000 ALTER TABLE `match` DISABLE KEYS */;
INSERT INTO `match` VALUES (1,'SP1','17/08/2018','Betis','Levante'),(2,'SP1','17/08/2018','Girona','Valladolid'),(3,'SP1','18/08/2018','Barcelona','Alaves'),(4,'SP1','18/08/2018','Celta','Espanol'),(5,'SP1','18/08/2018','Villarreal','Sociedad'),(6,'SP1','19/08/2018','Eibar','Huesca'),(7,'SP1','19/08/2018','Real Madrid','Getafe'),(8,'SP1','19/08/2018','Vallecano','Sevilla'),(9,'SP1','20/08/2018','Ath Bilbao','Leganes'),(10,'SP1','20/08/2018','Valencia','Ath Madrid'),(11,'SP1','24/08/2018','Getafe','Eibar'),(12,'SP1','24/08/2018','Leganes','Sociedad'),(13,'SP1','25/08/2018','Alaves','Betis'),(14,'SP1','25/08/2018','Ath Madrid','Vallecano'),(15,'SP1','25/08/2018','Valladolid','Barcelona'),(16,'SP1','26/08/2018','Espanol','Valencia'),(17,'SP1','26/08/2018','Girona','Real Madrid'),(18,'SP1','26/08/2018','Sevilla','Villarreal'),(19,'SP1','27/08/2018','Ath Bilbao','Huesca'),(20,'SP1','27/08/2018','Levante','Celta'),(21,'SP1','31/08/2018','Eibar','Sociedad'),(22,'SP1','31/08/2018','Getafe','Valladolid'),(23,'SP1','31/08/2018','Villarreal','Girona'),(24,'SP1','01/09/2018','Celta','Ath Madrid'),(25,'SP1','01/09/2018','Real Madrid','Leganes'),(26,'SP1','02/09/2018','Alaves','Espanol'),(27,'SP1','02/09/2018','Barcelona','Huesca'),(28,'SP1','02/09/2018','Betis','Sevilla'),(29,'SP1','02/09/2018','Levante','Valencia'),(30,'SP1','14/09/2018','Huesca','Vallecano'),(31,'SP1','15/09/2018','Ath Bilbao','Real Madrid'),(32,'SP1','15/09/2018','Ath Madrid','Eibar'),(33,'SP1','15/09/2018','Sociedad','Barcelona'),(34,'SP1','15/09/2018','Valencia','Betis'),(35,'SP1','16/09/2018','Espanol','Levante'),(36,'SP1','16/09/2018','Leganes','Villarreal'),(37,'SP1','16/09/2018','Sevilla','Getafe'),(38,'SP1','16/09/2018','Valladolid','Alaves'),(39,'SP1','17/09/2018','Girona','Celta'),(40,'SP1','21/09/2018','Huesca','Sociedad'),(41,'SP1','22/09/2018','Celta','Valladolid'),(42,'SP1','22/09/2018','Eibar','Leganes'),(43,'SP1','22/09/2018','Getafe','Ath Madrid'),(44,'SP1','22/09/2018','Real Madrid','Espanol'),(45,'SP1','22/09/2018','Vallecano','Alaves'),(46,'SP1','23/09/2018','Barcelona','Girona'),(47,'SP1','23/09/2018','Betis','Ath Bilbao'),(48,'SP1','23/09/2018','Levante','Sevilla'),(49,'SP1','23/09/2018','Villarreal','Valencia'),(50,'SP1','25/09/2018','Ath Madrid','Huesca'),(51,'SP1','25/09/2018','Espanol','Eibar'),(52,'SP1','25/09/2018','Sociedad','Vallecano'),(53,'SP1','26/09/2018','Ath Bilbao','Villarreal'),(54,'SP1','26/09/2018','Leganes','Barcelona'),(55,'SP1','26/09/2018','Sevilla','Real Madrid'),(56,'SP1','26/09/2018','Valencia','Celta'),(57,'SP1','27/09/2018','Alaves','Getafe'),(58,'SP1','27/09/2018','Girona','Betis'),(59,'SP1','27/09/2018','Valladolid','Levante'),(60,'SP1','28/09/2018','Vallecano','Espanol'),(61,'SP1','29/09/2018','Barcelona','Ath Bilbao'),(62,'SP1','29/09/2018','Eibar','Sevilla'),(63,'SP1','29/09/2018','Real Madrid','Ath Madrid'),(64,'SP1','29/09/2018','Sociedad','Valencia'),(65,'SP1','30/09/2018','Betis','Leganes'),(66,'SP1','30/09/2018','Huesca','Girona'),(67,'SP1','30/09/2018','Levante','Alaves'),(68,'SP1','30/09/2018','Villarreal','Valladolid'),(69,'SP1','01/10/2018','Celta','Getafe'),(70,'SP1','05/10/2018','Ath Bilbao','Sociedad'),(71,'SP1','06/10/2018','Alaves','Real Madrid'),(72,'SP1','06/10/2018','Getafe','Levante'),(73,'SP1','06/10/2018','Girona','Eibar'),(74,'SP1','06/10/2018','Leganes','Vallecano'),(75,'SP1','07/10/2018','Ath Madrid','Betis'),(76,'SP1','07/10/2018','Espanol','Villarreal'),(77,'SP1','07/10/2018','Sevilla','Celta'),(78,'SP1','07/10/2018','Valencia','Barcelona'),(79,'SP1','07/10/2018','Valladolid','Huesca'),(80,'SP1','19/10/2018','Celta','Alaves'),(81,'SP1','20/10/2018','Barcelona','Sevilla'),(82,'SP1','20/10/2018','Real Madrid','Levante'),(83,'SP1','20/10/2018','Valencia','Leganes'),(84,'SP1','20/10/2018','Villarreal','Ath Madrid'),(85,'SP1','21/10/2018','Betis','Valladolid'),(86,'SP1','21/10/2018','Eibar','Ath Bilbao'),(87,'SP1','21/10/2018','Huesca','Espanol'),(88,'SP1','21/10/2018','Vallecano','Getafe'),(89,'SP1','22/10/2018','Sociedad','Girona'),(90,'SP1','24/10/2018','Vallecano','Ath Bilbao'),(91,'SP1','26/10/2018','Valladolid','Espanol'),(92,'SP1','27/10/2018','Ath Bilbao','Valencia'),(93,'SP1','27/10/2018','Ath Madrid','Sociedad'),(94,'SP1','27/10/2018','Celta','Eibar'),(95,'SP1','27/10/2018','Girona','Vallecano'),(96,'SP1','27/10/2018','Levante','Leganes'),(97,'SP1','28/10/2018','Alaves','Villarreal'),(98,'SP1','28/10/2018','Barcelona','Real Madrid'),(99,'SP1','28/10/2018','Getafe','Betis'),(100,'SP1','28/10/2018','Sevilla','Huesca'),(101,'SP1','03/11/2018','Leganes','Ath Madrid'),(102,'SP1','03/11/2018','Real Madrid','Valladolid'),(103,'SP1','03/11/2018','Valencia','Girona'),(104,'SP1','03/11/2018','Vallecano','Barcelona'),(105,'SP1','04/11/2018','Betis','Celta'),(106,'SP1','04/11/2018','Eibar','Alaves'),(107,'SP1','04/11/2018','Huesca','Getafe'),(108,'SP1','04/11/2018','Sociedad','Sevilla'),(109,'SP1','04/11/2018','Villarreal','Levante'),(110,'SP1','05/11/2018','Espanol','Ath Bilbao'),(111,'SP1','09/11/2018','Levante','Sociedad'),(112,'SP1','10/11/2018','Ath Madrid','Ath Bilbao'),(113,'SP1','10/11/2018','Getafe','Valencia'),(114,'SP1','10/11/2018','Girona','Leganes'),(115,'SP1','10/11/2018','Valladolid','Eibar'),(116,'SP1','11/11/2018','Alaves','Huesca'),(117,'SP1','11/11/2018','Barcelona','Betis'),(118,'SP1','11/11/2018','Celta','Real Madrid'),(119,'SP1','11/11/2018','Sevilla','Espanol'),(120,'SP1','11/11/2018','Vallecano','Villarreal'),(121,'SP1','23/11/2018','Leganes','Alaves'),(122,'SP1','24/11/2018','Ath Madrid','Barcelona'),(123,'SP1','24/11/2018','Eibar','Real Madrid'),(124,'SP1','24/11/2018','Huesca','Levante'),(125,'SP1','24/11/2018','Valencia','Vallecano'),(126,'SP1','25/11/2018','Ath Bilbao','Getafe'),(127,'SP1','25/11/2018','Espanol','Girona'),(128,'SP1','25/11/2018','Sevilla','Valladolid'),(129,'SP1','25/11/2018','Villarreal','Betis'),(130,'SP1','26/11/2018','Sociedad','Celta'),(131,'SP1','30/11/2018','Vallecano','Eibar'),(132,'SP1','01/12/2018','Celta','Huesca'),(133,'SP1','01/12/2018','Getafe','Espanol'),(134,'SP1','01/12/2018','Real Madrid','Valencia'),(135,'SP1','01/12/2018','Valladolid','Leganes'),(136,'SP1','02/12/2018','Alaves','Sevilla'),(137,'SP1','02/12/2018','Barcelona','Villarreal'),(138,'SP1','02/12/2018','Betis','Sociedad'),(139,'SP1','02/12/2018','Girona','Ath Madrid'),(140,'SP1','03/12/2018','Levante','Ath Bilbao'),(141,'SP1','07/12/2018','Leganes','Getafe'),(142,'SP1','08/12/2018','Ath Madrid','Alaves'),(143,'SP1','08/12/2018','Espanol','Barcelona'),(144,'SP1','08/12/2018','Valencia','Sevilla'),(145,'SP1','08/12/2018','Villarreal','Celta'),(146,'SP1','09/12/2018','Betis','Vallecano'),(147,'SP1','09/12/2018','Eibar','Levante'),(148,'SP1','09/12/2018','Huesca','Real Madrid'),(149,'SP1','09/12/2018','Sociedad','Valladolid'),(150,'SP1','10/12/2018','Ath Bilbao','Girona'),(151,'SP1','14/12/2018','Celta','Leganes'),(152,'SP1','15/12/2018','Eibar','Valencia'),(153,'SP1','15/12/2018','Getafe','Sociedad'),(154,'SP1','15/12/2018','Real Madrid','Vallecano'),(155,'SP1','15/12/2018','Valladolid','Ath Madrid'),(156,'SP1','16/12/2018','Espanol','Betis'),(157,'SP1','16/12/2018','Huesca','Villarreal'),(158,'SP1','16/12/2018','Levante','Barcelona'),(159,'SP1','16/12/2018','Sevilla','Girona'),(160,'SP1','17/12/2018','Alaves','Ath Bilbao'),(161,'SP1','21/12/2018','Girona','Getafe'),(162,'SP1','21/12/2018','Sociedad','Alaves'),(163,'SP1','22/12/2018','Ath Bilbao','Valladolid'),(164,'SP1','22/12/2018','Ath Madrid','Espanol'),(165,'SP1','22/12/2018','Barcelona','Celta'),(166,'SP1','22/12/2018','Betis','Eibar'),(167,'SP1','23/12/2018','Leganes','Sevilla'),(168,'SP1','23/12/2018','Valencia','Huesca'),(169,'SP1','23/12/2018','Vallecano','Levante'),(170,'SP1','03/01/2019','Villarreal','Real Madrid'),(171,'SP1','04/01/2019','Espanol','Leganes'),(172,'SP1','04/01/2019','Levante','Girona'),(173,'SP1','05/01/2019','Alaves','Valencia'),(174,'SP1','05/01/2019','Huesca','Betis'),(175,'SP1','05/01/2019','Valladolid','Vallecano'),(176,'SP1','06/01/2019','Eibar','Villarreal'),(177,'SP1','06/01/2019','Getafe','Barcelona'),(178,'SP1','06/01/2019','Real Madrid','Sociedad'),(179,'SP1','06/01/2019','Sevilla','Ath Madrid'),(180,'SP1','07/01/2019','Celta','Ath Bilbao'),(181,'SP1','11/01/2019','Vallecano','Celta'),(182,'SP1','12/01/2019','Girona','Alaves'),(183,'SP1','12/01/2019','Leganes','Huesca'),(184,'SP1','12/01/2019','Valencia','Valladolid'),(185,'SP1','12/01/2019','Villarreal','Getafe'),(186,'SP1','13/01/2019','Ath Bilbao','Sevilla'),(187,'SP1','13/01/2019','Ath Madrid','Levante'),(188,'SP1','13/01/2019','Barcelona','Eibar'),(189,'SP1','13/01/2019','Betis','Real Madrid'),(190,'SP1','14/01/2019','Sociedad','Espanol'),(191,'SP1','18/01/2019','Getafe','Alaves'),(192,'SP1','19/01/2019','Celta','Valencia'),(193,'SP1','19/01/2019','Huesca','Ath Madrid'),(194,'SP1','19/01/2019','Real Madrid','Sevilla'),(195,'SP1','20/01/2019','Barcelona','Leganes'),(196,'SP1','20/01/2019','Betis','Girona'),(197,'SP1','20/01/2019','Levante','Valladolid'),(198,'SP1','20/01/2019','Vallecano','Sociedad'),(199,'SP1','20/01/2019','Villarreal','Ath Bilbao'),(200,'SP1','21/01/2019','Eibar','Espanol'),(201,'SP1','26/01/2019','Ath Madrid','Getafe'),(202,'SP1','26/01/2019','Leganes','Eibar'),(203,'SP1','26/01/2019','Sevilla','Levante'),(204,'SP1','26/01/2019','Valencia','Villarreal'),(205,'SP1','27/01/2019','Ath Bilbao','Betis'),(206,'SP1','27/01/2019','Espanol','Real Madrid'),(207,'SP1','27/01/2019','Girona','Barcelona'),(208,'SP1','27/01/2019','Sociedad','Huesca'),(209,'SP1','27/01/2019','Valladolid','Celta'),(210,'SP1','28/01/2019','Alaves','Vallecano'),(211,'SP1','01/02/2019','Huesca','Valladolid'),(212,'SP1','02/02/2019','Barcelona','Valencia'),(213,'SP1','02/02/2019','Celta','Sevilla'),(214,'SP1','02/02/2019','Levante','Getafe'),(215,'SP1','02/02/2019','Sociedad','Ath Bilbao'),(216,'SP1','03/02/2019','Betis','Ath Madrid'),(217,'SP1','03/02/2019','Eibar','Girona'),(218,'SP1','03/02/2019','Real Madrid','Alaves'),(219,'SP1','03/02/2019','Villarreal','Espanol'),(220,'SP1','04/02/2019','Vallecano','Leganes'),(221,'SP1','08/02/2019','Valladolid','Villarreal'),(222,'SP1','09/02/2019','Ath Madrid','Real Madrid'),(223,'SP1','09/02/2019','Espanol','Vallecano'),(224,'SP1','09/02/2019','Getafe','Celta'),(225,'SP1','09/02/2019','Girona','Huesca'),(226,'SP1','10/02/2019','Ath Bilbao','Barcelona'),(227,'SP1','10/02/2019','Leganes','Betis'),(228,'SP1','10/02/2019','Sevilla','Eibar'),(229,'SP1','10/02/2019','Valencia','Sociedad'),(230,'SP1','11/02/2019','Alaves','Levante'),(231,'SP1','15/02/2019','Eibar','Getafe'),(232,'SP1','16/02/2019','Barcelona','Valladolid'),(233,'SP1','16/02/2019','Celta','Levante'),(234,'SP1','16/02/2019','Sociedad','Leganes'),(235,'SP1','16/02/2019','Vallecano','Ath Madrid'),(236,'SP1','17/02/2019','Betis','Alaves'),(237,'SP1','17/02/2019','Real Madrid','Girona'),(238,'SP1','17/02/2019','Valencia','Espanol'),(239,'SP1','17/02/2019','Villarreal','Sevilla'),(240,'SP1','18/02/2019','Huesca','Ath Bilbao'),(241,'SP1','22/02/2019','Espanol','Huesca'),(242,'SP1','23/02/2019','Alaves','Celta'),(243,'SP1','23/02/2019','Ath Bilbao','Eibar'),(244,'SP1','23/02/2019','Getafe','Vallecano'),(245,'SP1','23/02/2019','Sevilla','Barcelona'),(246,'SP1','24/02/2019','Ath Madrid','Villarreal'),(247,'SP1','24/02/2019','Leganes','Valencia'),(248,'SP1','24/02/2019','Levante','Real Madrid'),(249,'SP1','24/02/2019','Valladolid','Betis'),(250,'SP1','25/02/2019','Girona','Sociedad'),(251,'SP1','01/03/2019','Vallecano','Girona'),(252,'SP1','02/03/2019','Espanol','Valladolid'),(253,'SP1','02/03/2019','Huesca','Sevilla'),(254,'SP1','02/03/2019','Real Madrid','Barcelona'),(255,'SP1','02/03/2019','Villarreal','Alaves'),(256,'SP1','03/03/2019','Betis','Getafe'),(257,'SP1','03/03/2019','Eibar','Celta'),(258,'SP1','03/03/2019','Sociedad','Ath Madrid'),(259,'SP1','03/03/2019','Valencia','Ath Bilbao'),(260,'SP1','04/03/2019','Leganes','Levante'),(261,'SP1','08/03/2019','Ath Bilbao','Espanol'),(262,'SP1','09/03/2019','Alaves','Eibar'),(263,'SP1','09/03/2019','Ath Madrid','Leganes'),(264,'SP1','09/03/2019','Barcelona','Vallecano'),(265,'SP1','09/03/2019','Getafe','Huesca'),(266,'SP1','10/03/2019','Celta','Betis'),(267,'SP1','10/03/2019','Girona','Valencia'),(268,'SP1','10/03/2019','Levante','Villarreal'),(269,'SP1','10/03/2019','Sevilla','Sociedad'),(270,'SP1','10/03/2019','Valladolid','Real Madrid'),(271,'SP1','15/03/2019','Sociedad','Levante'),(272,'SP1','16/03/2019','Ath Bilbao','Ath Madrid'),(273,'SP1','16/03/2019','Huesca','Alaves'),(274,'SP1','16/03/2019','Leganes','Girona'),(275,'SP1','16/03/2019','Real Madrid','Celta'),(276,'SP1','17/03/2019','Betis','Barcelona'),(277,'SP1','17/03/2019','Eibar','Valladolid'),(278,'SP1','17/03/2019','Espanol','Sevilla'),(279,'SP1','17/03/2019','Valencia','Getafe'),(280,'SP1','17/03/2019','Villarreal','Vallecano'),(281,'SP1','29/03/2019','Girona','Ath Bilbao'),(282,'SP1','30/03/2019','Alaves','Ath Madrid'),(283,'SP1','30/03/2019','Barcelona','Espanol'),(284,'SP1','30/03/2019','Celta','Villarreal'),(285,'SP1','30/03/2019','Getafe','Leganes'),(286,'SP1','31/03/2019','Levante','Eibar'),(287,'SP1','31/03/2019','Real Madrid','Huesca'),(288,'SP1','31/03/2019','Sevilla','Valencia'),(289,'SP1','31/03/2019','Valladolid','Sociedad'),(290,'SP1','31/03/2019','Vallecano','Betis'),(291,'SP1','02/04/2019','Ath Madrid','Girona'),(292,'SP1','02/04/2019','Espanol','Getafe'),(293,'SP1','02/04/2019','Villarreal','Barcelona'),(294,'SP1','03/04/2019','Ath Bilbao','Levante'),(295,'SP1','03/04/2019','Eibar','Vallecano'),(296,'SP1','03/04/2019','Huesca','Celta'),(297,'SP1','03/04/2019','Valencia','Real Madrid'),(298,'SP1','04/04/2019','Leganes','Valladolid'),(299,'SP1','04/04/2019','Sevilla','Alaves'),(300,'SP1','04/04/2019','Sociedad','Betis'),(301,'SP1','06/04/2019','Barcelona','Ath Madrid'),(302,'SP1','06/04/2019','Girona','Espanol'),(303,'SP1','06/04/2019','Real Madrid','Eibar'),(304,'SP1','06/04/2019','Vallecano','Valencia'),(305,'SP1','07/04/2019','Alaves','Leganes'),(306,'SP1','07/04/2019','Betis','Villarreal'),(307,'SP1','07/04/2019','Celta','Sociedad'),(308,'SP1','07/04/2019','Getafe','Ath Bilbao'),(309,'SP1','07/04/2019','Levante','Huesca'),(310,'SP1','07/04/2019','Valladolid','Sevilla'),(311,'SP1','13/04/2019','Ath Madrid','Celta'),(312,'SP1','13/04/2019','Espanol','Alaves'),(313,'SP1','13/04/2019','Huesca','Barcelona'),(314,'SP1','13/04/2019','Sevilla','Betis'),(315,'SP1','14/04/2019','Ath Bilbao','Vallecano'),(316,'SP1','14/04/2019','Girona','Villarreal'),(317,'SP1','14/04/2019','Sociedad','Eibar'),(318,'SP1','14/04/2019','Valencia','Levante'),(319,'SP1','14/04/2019','Valladolid','Getafe'),(320,'SP1','15/04/2019','Leganes','Real Madrid'),(321,'SP1','19/04/2019','Alaves','Valladolid'),(322,'SP1','20/04/2019','Barcelona','Sociedad'),(323,'SP1','20/04/2019','Celta','Girona'),(324,'SP1','20/04/2019','Eibar','Ath Madrid'),(325,'SP1','20/04/2019','Vallecano','Huesca'),(326,'SP1','21/04/2019','Betis','Valencia'),(327,'SP1','21/04/2019','Getafe','Sevilla'),(328,'SP1','21/04/2019','Levante','Espanol'),(329,'SP1','21/04/2019','Real Madrid','Ath Bilbao'),(330,'SP1','21/04/2019','Villarreal','Leganes'),(331,'SP1','23/04/2019','Alaves','Barcelona'),(332,'SP1','23/04/2019','Huesca','Eibar'),(333,'SP1','23/04/2019','Valladolid','Girona'),(334,'SP1','24/04/2019','Ath Madrid','Valencia'),(335,'SP1','24/04/2019','Espanol','Celta'),(336,'SP1','24/04/2019','Leganes','Ath Bilbao'),(337,'SP1','24/04/2019','Levante','Betis'),(338,'SP1','25/04/2019','Getafe','Real Madrid'),(339,'SP1','25/04/2019','Sevilla','Vallecano'),(340,'SP1','25/04/2019','Sociedad','Villarreal'),(341,'SP1','27/04/2019','Ath Bilbao','Alaves'),(342,'SP1','27/04/2019','Ath Madrid','Valladolid'),(343,'SP1','27/04/2019','Barcelona','Levante'),(344,'SP1','27/04/2019','Leganes','Celta'),(345,'SP1','28/04/2019','Girona','Sevilla'),(346,'SP1','28/04/2019','Sociedad','Getafe'),(347,'SP1','28/04/2019','Valencia','Eibar'),(348,'SP1','28/04/2019','Vallecano','Real Madrid'),(349,'SP1','28/04/2019','Villarreal','Huesca'),(350,'SP1','29/04/2019','Betis','Espanol'),(351,'SP1','03/05/2019','Sevilla','Leganes'),(352,'SP1','04/05/2019','Alaves','Sociedad'),(353,'SP1','04/05/2019','Celta','Barcelona'),(354,'SP1','04/05/2019','Espanol','Ath Madrid'),(355,'SP1','04/05/2019','Levante','Vallecano'),(356,'SP1','05/05/2019','Eibar','Betis'),(357,'SP1','05/05/2019','Getafe','Girona'),(358,'SP1','05/05/2019','Huesca','Valencia'),(359,'SP1','05/05/2019','Real Madrid','Villarreal'),(360,'SP1','05/05/2019','Valladolid','Ath Bilbao'),(361,'SP1','12/05/2019','Ath Bilbao','Celta'),(362,'SP1','12/05/2019','Ath Madrid','Sevilla'),(363,'SP1','12/05/2019','Barcelona','Getafe'),(364,'SP1','12/05/2019','Betis','Huesca'),(365,'SP1','12/05/2019','Girona','Levante'),(366,'SP1','12/05/2019','Leganes','Espanol'),(367,'SP1','12/05/2019','Sociedad','Real Madrid'),(368,'SP1','12/05/2019','Valencia','Alaves'),(369,'SP1','12/05/2019','Vallecano','Valladolid'),(370,'SP1','12/05/2019','Villarreal','Eibar'),(371,'SP1','18/05/2019','Alaves','Girona'),(372,'SP1','18/05/2019','Celta','Vallecano'),(373,'SP1','18/05/2019','Espanol','Sociedad'),(374,'SP1','18/05/2019','Getafe','Villarreal'),(375,'SP1','18/05/2019','Huesca','Leganes'),(376,'SP1','18/05/2019','Levante','Ath Madrid'),(377,'SP1','18/05/2019','Sevilla','Ath Bilbao'),(378,'SP1','18/05/2019','Valladolid','Valencia'),(379,'SP1','19/05/2019','Eibar','Barcelona'),(380,'SP1','19/05/2019','Real Madrid','Betis');
/*!40000 ALTER TABLE `match` ENABLE KEYS */;
UNLOCK TABLES;

--
-- Table structure for table `results`
--

DROP TABLE IF EXISTS `results`;
/*!40101 SET @saved_cs_client     = @@character_set_client */;
/*!50503 SET character_set_client = utf8mb4 */;
CREATE TABLE `results` (
  `match_id` int(11) NOT NULL,
  `FTR` varchar(10) NOT NULL,
  `HTR` text,
  PRIMARY KEY (`match_id`,`FTR`)
) ENGINE=InnoDB DEFAULT CHARSET=utf8mb4 COLLATE=utf8mb4_0900_ai_ci;
/*!40101 SET character_set_client = @saved_cs_client */;

--
-- Dumping data for table `results`
--

LOCK TABLES `results` WRITE;
/*!40000 ALTER TABLE `results` DISABLE KEYS */;
INSERT INTO `results` VALUES (1,'A','A'),(2,'D','D'),(3,'H','D'),(4,'D','A'),(5,'A','D'),(6,'A','A'),(7,'H','H'),(8,'A','A'),(9,'H','D'),(10,'D','A'),(11,'H','H'),(12,'D','A'),(13,'D','D'),(14,'H','D'),(15,'A','D'),(16,'H','D'),(17,'A','D'),(18,'D','D'),(19,'D','D'),(20,'A','A'),(21,'H','D'),(22,'D','D'),(23,'A','D'),(24,'H','D'),(25,'H','D'),(26,'H','A'),(27,'H','H'),(28,'H','D'),(29,'D','H'),(30,'A','A'),(31,'D','H'),(32,'D','D'),(33,'A','H'),(34,'D','D'),(35,'H','D'),(36,'A','D'),(37,'A','A'),(38,'A','D'),(39,'H','H'),(40,'A','D'),(41,'D','H'),(42,'H','D'),(43,'A','A'),(44,'H','H'),(45,'A','A'),(46,'D','D'),(47,'D','A'),(48,'A','A'),(49,'D','D'),(50,'H','H'),(51,'H','D'),(52,'D','A'),(53,'A','D'),(54,'H','A'),(55,'H','H'),(56,'D','H'),(57,'D','D'),(58,'A','D'),(59,'H','D'),(60,'D','A'),(61,'D','A'),(62,'A','D'),(63,'D','D'),(64,'A','A'),(65,'H','D'),(66,'D','A'),(67,'H','H'),(68,'A','D'),(69,'D','H'),(70,'A','D'),(71,'H','D'),(72,'A','D'),(73,'A','D'),(74,'H','H'),(75,'H','D'),(76,'H','D'),(77,'H','H'),(78,'D','D'),(79,'H','H'),(80,'A','D'),(81,'H','H'),(82,'A','A'),(83,'D','D'),(84,'D','D'),(85,'A','A'),(86,'D','D'),(87,'A','A'),(88,'A','D'),(89,'D','D'),(90,'D','H'),(91,'D','A'),(92,'D','D'),(93,'H','H'),(94,'H','H'),(95,'H','H'),(96,'H','H'),(97,'H','A'),(98,'H','H'),(99,'H','D'),(100,'H','D'),(101,'D','D'),(102,'H','D'),(103,'A','D'),(104,'A','D'),(105,'D','H'),(106,'H','A'),(107,'D','D'),(108,'D','D'),(109,'D','D'),(110,'H','H'),(111,'A','H'),(112,'H','A'),(113,'A','D'),(114,'D','D'),(115,'D','D'),(116,'H','D'),(117,'A','A'),(118,'A','A'),(119,'H','A'),(120,'D','D'),(121,'H','H'),(122,'D','D'),(123,'H','H'),(124,'D','D'),(125,'H','H'),(126,'D','D'),(127,'A','A'),(128,'H','H'),(129,'H','D'),(130,'H','H'),(131,'H','D'),(132,'H','H'),(133,'H','D'),(134,'H','H'),(135,'A','A'),(136,'D','H'),(137,'H','H'),(138,'H','H'),(139,'D','H'),(140,'H','H'),(141,'D','A'),(142,'H','H'),(143,'A','A'),(144,'D','D'),(145,'A','A'),(146,'H','D'),(147,'D','A'),(148,'A','A'),(149,'A','A'),(150,'H','D'),(151,'D','D'),(152,'D','A'),(153,'H','H'),(154,'H','H'),(155,'A','A'),(156,'A','D'),(157,'D','H'),(158,'A','A'),(159,'H','D'),(160,'D','D'),(161,'D','D'),(162,'A','A'),(163,'D','H'),(164,'H','D'),(165,'H','H'),(166,'D','H'),(167,'D','H'),(168,'H','H'),(169,'H','H'),(170,'D','A'),(171,'H','H'),(172,'D','A'),(173,'H','H'),(174,'H','D'),(175,'A','A'),(176,'D','D'),(177,'A','A'),(178,'A','A'),(179,'D','D'),(180,'A','D'),(181,'H','D'),(182,'D','H'),(183,'H','D'),(184,'D','D'),(185,'A','D'),(186,'H','H'),(187,'H','D'),(188,'H','H'),(189,'A','A'),(190,'H','D'),(191,'H','H'),(192,'A','H'),(193,'A','A'),(194,'H','D'),(195,'H','H'),(196,'H','A'),(197,'H','H'),(198,'D','H'),(199,'D','A'),(200,'H','H'),(201,'H','H'),(202,'D','A'),(203,'H','D'),(204,'H','H'),(205,'H','H'),(206,'A','A'),(207,'A','A'),(208,'D','D'),(209,'H','A'),(210,'A','D'),(211,'H','H'),(212,'D','A'),(213,'H','D'),(214,'D','D'),(215,'H','H'),(216,'H','D'),(217,'H','H'),(218,'H','H'),(219,'D','H'),(220,'A','A'),(221,'D','D'),(222,'A','A'),(223,'H','A'),(224,'H','D'),(225,'A','A'),(226,'D','D'),(227,'H','H'),(228,'D','A'),(229,'D','D'),(230,'H','H'),(231,'D','A'),(232,'H','H'),(233,'A','A'),(234,'H','D'),(235,'A','D'),(236,'D','D'),(237,'A','H'),(238,'D','D'),(239,'H','H'),(240,'A','A'),(241,'D','H'),(242,'D','D'),(243,'H','H'),(244,'H','H'),(245,'A','H'),(246,'H','H'),(247,'D','A'),(248,'A','A'),(249,'A','A'),(250,'D','D'),(251,'A','A'),(252,'H','D'),(253,'H','H'),(254,'A','A'),(255,'A','D'),(256,'A','A'),(257,'H','D'),(258,'A','A'),(259,'H','D'),(260,'H','H'),(261,'D','A'),(262,'D','D'),(263,'H','D'),(264,'H','D'),(265,'H','A'),(266,'A','D'),(267,'A','D'),(268,'A','D'),(269,'H','D'),(270,'A','D'),(271,'D','H'),(272,'H','D'),(273,'A','D'),(274,'A','A'),(275,'H','D'),(276,'A','A'),(277,'A','D'),(278,'A','D'),(279,'D','D'),(280,'H','A'),(281,'A','H'),(282,'A','A'),(283,'H','D'),(284,'H','A'),(285,'A','D'),(286,'D','H'),(287,'H','D'),(288,'A','A'),(289,'D','H'),(290,'D','H'),(291,'H','D'),(292,'D','D'),(293,'D','A'),(294,'H','H'),(295,'H','A'),(296,'D','A'),(297,'H','H'),(298,'H','D'),(299,'H','H'),(300,'H','H'),(301,'H','D'),(302,'A','D'),(303,'H','A'),(304,'H','H'),(305,'D','H'),(306,'H','D'),(307,'H','A'),(308,'H','D'),(309,'D','H'),(310,'A','D'),(311,'H','H'),(312,'H','H'),(313,'D','D'),(314,'H','H'),(315,'H','D'),(316,'A','A'),(317,'D','H'),(318,'H','H'),(319,'D','D'),(320,'D','H'),(321,'D','H'),(322,'H','H'),(323,'H','H'),(324,'A','D'),(325,'D','D'),(326,'A','A'),(327,'H','H'),(328,'D','A'),(329,'H','D'),(330,'H','D'),(331,'A','D'),(332,'H','D'),(333,'H','D'),(334,'H','D'),(335,'D','H'),(336,'A','A'),(337,'H','H'),(338,'D','D'),(339,'H','D'),(340,'A','D'),(341,'D','D'),(342,'H','D'),(343,'H','D'),(344,'D','D'),(345,'H','D'),(346,'H','H'),(347,'A','D'),(348,'H','H'),(349,'D','H'),(350,'D','A'),(351,'A','A'),(352,'A','A'),(353,'H','D'),(354,'H','H'),(355,'H','H'),(356,'H','H'),(357,'H','H'),(358,'A','A'),(359,'H','H'),(360,'H','H'),(361,'H','H'),(362,'D','H'),(363,'H','H'),(364,'H','H'),(365,'A','D'),(366,'A','A'),(367,'H','D'),(368,'H','H'),(369,'A','A'),(370,'H','D'),(371,'H','H'),(372,'D','A'),(373,'H','D'),(374,'D','D'),(375,'H','A'),(376,'D','H'),(377,'H','H'),(378,'A','A'),(379,'D','D'),(380,'A','D');
/*!40000 ALTER TABLE `results` ENABLE KEYS */;
UNLOCK TABLES;

--
-- Table structure for table `shots`
--

DROP TABLE IF EXISTS `shots`;
/*!40101 SET @saved_cs_client     = @@character_set_client */;
/*!50503 SET character_set_client = utf8mb4 */;
CREATE TABLE `shots` (
  `match_id` int(11) NOT NULL,
  `HS` int(11) DEFAULT NULL,
  `AS` int(11) DEFAULT NULL,
  `HST` int(11) NOT NULL,
  `AST` int(11) NOT NULL,
  PRIMARY KEY (`match_id`,`HST`,`AST`)
) ENGINE=InnoDB DEFAULT CHARSET=utf8mb4 COLLATE=utf8mb4_0900_ai_ci;
/*!40101 SET character_set_client = @saved_cs_client */;

--
-- Dumping data for table `shots`
--

LOCK TABLES `shots` WRITE;
/*!40000 ALTER TABLE `shots` DISABLE KEYS */;
INSERT INTO `shots` VALUES (1,22,6,8,4),(2,13,2,1,1),(3,25,3,9,0),(4,12,14,2,5),(5,16,8,7,4),(6,18,8,6,6),(7,10,4,3,1),(8,13,17,2,8),(9,17,12,5,2),(10,13,9,4,3),(11,7,9,4,0),(12,18,7,5,6),(13,16,13,4,5),(14,9,13,2,3),(15,7,10,4,5),(16,19,16,9,4),(17,10,20,5,8),(18,19,14,2,6),(19,14,9,4,4),(20,15,21,6,9),(21,8,7,2,2),(22,12,7,3,4),(23,13,14,3,6),(24,10,9,4,0),(25,17,8,8,3),(26,8,11,5,7),(27,31,7,15,3),(28,11,8,3,2),(29,13,18,4,5),(30,14,14,4,2),(31,11,16,3,6),(32,18,12,9,3),(33,8,12,5,6),(34,12,11,2,6),(35,22,16,9,4),(36,16,9,3,3),(37,15,10,1,5),(38,15,10,5,4),(39,11,20,6,7),(40,13,7,3,1),(41,12,14,5,4),(42,14,4,3,2),(43,11,7,2,4),(44,19,10,5,3),(45,13,11,4,7),(46,22,7,11,6),(47,15,7,3,4),(48,19,20,10,9),(49,11,12,1,2),(50,17,8,5,1),(51,9,8,5,1),(52,16,11,6,6),(53,12,19,2,6),(54,10,9,6,5),(55,16,21,7,3),(56,14,9,5,3),(57,15,13,2,5),(58,8,14,2,6),(59,20,9,6,4),(60,11,12,5,5),(61,20,8,8,2),(62,15,7,2,5),(63,15,8,6,3),(64,10,9,5,2),(65,17,11,4,5),(66,13,14,6,4),(67,14,14,4,2),(68,27,9,7,3),(69,8,12,2,4),(70,13,6,5,3),(71,8,13,4,6),(72,15,12,4,3),(73,10,12,3,4),(74,13,6,4,2),(75,13,5,5,0),(76,28,13,12,6),(77,12,13,3,5),(78,10,10,3,5),(79,9,11,3,1),(80,19,9,9,2),(81,23,19,9,7),(82,34,6,12,2),(83,18,7,4,5),(84,18,15,6,4),(85,20,6,4,2),(86,18,6,6,3),(87,10,6,2,2),(88,10,5,3,2),(89,14,12,8,2),(90,11,12,3,4),(91,15,11,2,4),(92,13,11,2,3),(93,14,7,4,0),(94,10,17,6,5),(95,14,14,6,5),(96,9,21,4,6),(97,19,9,6,2),(98,13,15,8,4),(99,16,7,7,3),(100,15,11,4,2),(101,8,9,3,4),(102,16,12,7,2),(103,27,5,9,3),(104,11,9,5,5),(105,14,14,6,7),(106,23,9,8,3),(107,18,8,7,2),(108,10,8,1,1),(109,23,13,4,2),(110,8,10,3,2),(111,17,15,2,4),(112,9,6,3,5),(113,17,7,3,3),(114,5,10,0,1),(115,9,16,1,6),(116,13,9,5,2),(117,20,15,5,8),(118,15,14,4,5),(119,23,15,10,7),(120,15,11,7,5),(121,13,7,6,2),(122,3,8,1,2),(123,14,9,8,3),(124,32,5,12,3),(125,13,13,10,3),(126,8,15,4,2),(127,18,16,10,11),(128,17,13,9,5),(129,13,13,8,6),(130,15,6,8,2),(131,5,13,2,5),(132,12,8,5,3),(133,14,8,5,2),(134,13,7,3,2),(135,20,14,6,5),(136,11,14,3,3),(137,16,12,7,2),(138,6,6,4,4),(139,13,17,3,3),(140,17,12,7,3),(141,17,6,5,2),(142,12,13,5,3),(143,15,17,3,9),(144,16,11,6,3),(145,13,14,3,7),(146,8,12,3,3),(147,32,14,7,5),(148,11,5,4,4),(149,23,10,5,6),(150,25,3,10,1),(151,15,5,2,2),(152,18,11,6,4),(153,9,9,2,4),(154,9,11,4,3),(155,8,14,2,5),(156,10,12,3,5),(157,30,10,13,5),(158,20,16,6,9),(159,17,8,5,2),(160,11,6,2,3),(161,12,5,4,2),(162,18,9,4,3),(163,8,5,3,2),(164,8,18,5,4),(165,9,11,5,1),(166,4,15,2,4),(167,13,8,4,2),(168,19,11,8,4),(169,18,12,8,7),(170,12,14,4,7),(171,12,10,1,2),(172,19,9,8,2),(173,14,14,5,2),(174,11,7,6,1),(175,12,9,5,5),(176,24,7,6,4),(177,10,12,2,8),(178,28,12,8,4),(179,15,12,5,7),(180,17,8,3,4),(181,11,13,8,4),(182,9,15,4,4),(183,14,9,7,3),(184,17,6,5,1),(185,17,9,6,4),(186,10,10,3,4),(187,19,7,5,2),(188,7,15,6,2),(189,9,14,2,5),(190,9,21,4,2),(191,12,6,5,0),(192,12,13,4,8),(193,14,15,3,8),(194,23,4,6,1),(195,15,5,7,2),(196,12,8,5,5),(197,13,13,4,3),(198,11,10,4,4),(199,3,9,1,2),(200,16,6,9,0),(201,10,6,6,2),(202,9,5,3,2),(203,23,7,9,0),(204,18,14,9,5),(205,11,8,2,2),(206,13,16,6,9),(207,13,15,5,7),(208,8,8,1,1),(209,19,8,7,3),(210,16,14,1,3),(211,11,9,7,4),(212,20,14,8,7),(213,10,13,4,2),(214,8,9,4,2),(215,6,8,2,5),(216,7,13,3,1),(217,17,6,5,2),(218,22,8,8,1),(219,14,17,5,2),(220,15,13,6,4),(221,9,7,3,3),(222,11,11,2,4),(223,15,9,5,3),(224,12,13,6,3),(225,13,6,7,6),(226,13,10,5,2),(227,16,3,4,1),(228,13,8,4,4),(229,10,8,4,1),(230,16,8,4,0),(231,11,7,6,4),(232,20,10,8,0),(233,14,14,7,8),(234,15,8,6,3),(235,12,4,6,3),(236,19,6,10,3),(237,19,14,7,6),(238,21,6,1,1),(239,12,21,6,5),(240,12,9,2,4),(241,13,13,2,4),(242,17,8,4,2),(243,9,7,4,2),(244,11,7,2,2),(245,13,17,4,8),(246,15,14,7,3),(247,17,6,6,1),(248,11,19,2,5),(249,10,6,2,3),(250,10,7,3,1),(251,9,12,3,4),(252,15,14,6,3),(253,7,12,3,5),(254,17,10,3,4),(255,9,10,2,2),(256,6,11,2,5),(257,15,3,4,1),(258,19,8,3,3),(259,11,4,3,1),(260,14,15,3,4),(261,15,5,6,2),(262,16,20,3,3),(263,13,3,4,2),(264,12,8,6,1),(265,14,8,6,1),(266,7,14,1,4),(267,18,11,8,6),(268,11,13,3,5),(269,22,9,11,2),(270,10,15,2,6),(271,22,8,7,3),(272,9,9,5,2),(273,7,12,2,5),(274,12,8,3,4),(275,22,6,7,1),(276,13,16,3,9),(277,15,8,3,3),(278,13,12,3,3),(279,8,9,2,1),(280,12,7,4,3),(281,6,8,2,5),(282,14,11,4,7),(283,13,4,3,2),(284,15,14,6,5),(285,9,7,2,3),(286,7,17,2,3),(287,16,16,8,3),(288,17,4,5,2),(289,10,10,4,1),(290,20,7,5,2),(291,17,12,7,4),(292,9,13,3,3),(293,16,15,9,9),(294,14,11,7,6),(295,12,13,6,2),(296,23,11,7,5),(297,11,15,4,5),(298,18,8,2,1),(299,18,5,5,2),(300,15,11,7,6),(301,21,9,10,2),(302,14,9,5,2),(303,13,3,7,1),(304,15,12,5,3),(305,6,9,1,5),(306,17,10,7,4),(307,11,14,4,7),(308,6,9,2,1),(309,14,17,8,4),(310,10,16,5,4),(311,11,10,5,3),(312,6,14,2,3),(313,6,10,1,2),(314,11,12,5,7),(315,15,8,9,4),(316,14,17,5,6),(317,3,17,2,2),(318,23,6,6,3),(319,8,8,4,3),(320,5,13,2,6),(321,10,12,4,7),(322,11,9,4,2),(323,13,9,8,1),(324,10,8,2,4),(325,16,10,3,3),(326,23,4,7,3),(327,10,12,3,2),(328,19,14,5,7),(329,11,5,4,3),(330,11,6,5,2),(331,6,17,1,6),(332,12,7,3,4),(333,13,6,4,0),(334,14,12,6,4),(335,9,18,2,6),(336,14,3,1,2),(337,6,7,4,2),(338,9,12,5,4),(339,20,12,11,3),(340,13,8,2,3),(341,14,14,1,3),(342,13,13,1,4),(343,23,7,12,2),(344,10,8,1,2),(345,15,7,4,3),(346,11,12,7,3),(347,7,13,2,3),(348,11,9,5,3),(349,18,13,5,3),(350,18,10,5,4),(351,7,9,3,5),(352,17,9,6,2),(353,14,8,6,1),(354,11,11,5,3),(355,12,20,7,3),(356,14,12,6,6),(357,13,4,8,2),(358,24,10,4,7),(359,24,15,11,7),(360,10,9,3,1),(361,8,3,4,2),(362,11,11,4,5),(363,13,11,8,0),(364,17,9,8,2),(365,14,6,6,2),(366,11,19,4,7),(367,19,6,7,2),(368,10,10,4,3),(369,16,9,5,6),(370,11,4,3,0),(371,14,13,7,4),(372,14,11,5,4),(373,9,11,4,2),(374,17,8,5,4),(375,15,9,6,1),(376,17,17,7,8),(377,9,9,3,1),(378,19,9,4,6),(379,15,6,8,3),(380,9,9,2,7);
/*!40000 ALTER TABLE `shots` ENABLE KEYS */;
UNLOCK TABLES;
/*!40103 SET TIME_ZONE=@OLD_TIME_ZONE */;

/*!40101 SET SQL_MODE=@OLD_SQL_MODE */;
/*!40014 SET FOREIGN_KEY_CHECKS=@OLD_FOREIGN_KEY_CHECKS */;
/*!40014 SET UNIQUE_CHECKS=@OLD_UNIQUE_CHECKS */;
/*!40101 SET CHARACTER_SET_CLIENT=@OLD_CHARACTER_SET_CLIENT */;
/*!40101 SET CHARACTER_SET_RESULTS=@OLD_CHARACTER_SET_RESULTS */;
/*!40101 SET COLLATION_CONNECTION=@OLD_COLLATION_CONNECTION */;
/*!40111 SET SQL_NOTES=@OLD_SQL_NOTES */;

-- Dump completed on 2019-12-10 23:25:49
